"",ID,Imagen,Objeto,Filtro,Fecha,Estrella,Brillo,Tamano,Brillo maximo correspondiente,Promedio correspondiente,Max_brillo_fecha,Min_brillo_fecha,Brillo relativo,Error correspondiente
0,1,28feb0030o.fits,PG1323-086,B-Johnson+Vacio,2017-02-28,A,699898.0,5.66,1179000.0,504252.0,699898.0,568078.0,0.593637,0.261417
1,2,28feb0030o.fits,PG1323-086,B-Johnson+Vacio,2017-02-28,B,602852.0,5.61,1179000.0,451706.0,602852.0,453174.0,0.511325,0.331362
2,3,28feb0030o.fits,PG1323-086,B-Johnson+Vacio,2017-02-28,C,363801.0,5.74,1179000.0,272244.0,363801.0,273646.0,0.308567,0.331155
4,5,28feb0031o.fits,PG1323-086,V-Johnson+Vacio,2017-02-28,A,542717.0,5.16,632160.0,587784.0,542717.0,516281.0,0.858512,0.044976
6,7,28feb0031o.fits,PG1323-086,V-Johnson+Vacio,2017-02-28,C,362735.0,5.08,632160.0,1436190.0,362735.0,342224.0,0.573803,0.014282
7,8,28feb0031o.fits,PG1323-086,V-Johnson+Vacio,2017-02-28,2R,581439.0,5.16,632160.0,658042.0,581439.0,547580.0,0.919766,0.051454
8,9,28feb0032o.fits,PG1323-086,R-Johnson+Vacio,2017-02-28,A,438220.0,5.00,595406.0,439463.0,438220.0,422944.0,0.736002,0.034761
10,11,28feb0032o.fits,PG1323-086,R-Johnson+Vacio,2017-02-28,C,332373.0,4.76,595406.0,349305.0,332373.0,319899.0,0.558229,0.035711
11,12,28feb0032o.fits,PG1323-086,R-Johnson+Vacio,2017-02-28,2R,360319.0,4.87,595406.0,377272.0,360319.0,349054.0,0.605165,0.029859
12,13,28feb0033o.fits,PG1323-086,I-Johnson+Vacio,2017-02-28,A,408377.0,4.56,639512.0,608821.0,408377.0,400382.0,0.638576,0.013132
14,15,28feb0033o.fits,PG1323-086,I-Johnson+Vacio,2017-02-28,C,349746.0,4.41,639512.0,299741.0,349746.0,338804.0,0.546895,0.036505
15,16,28feb0033o.fits,PG1323-086,I-Johnson+Vacio,2017-02-28,2R,244836.0,4.66,639512.0,212157.0,244836.0,242803.0,0.382848,0.009583
16,17,28feb0051o.fits,PG1323-086,B-Johnson+Vacio,2017-02-28,A,664593.0,4.69,1090000.0,504252.0,699898.0,568078.0,0.609718,0.261417
17,18,28feb0051o.fits,PG1323-086,B-Johnson+Vacio,2017-02-28,B,559314.0,4.66,1090000.0,451706.0,602852.0,453174.0,0.513132,0.331362
18,19,28feb0051o.fits,PG1323-086,B-Johnson+Vacio,2017-02-28,C,333972.0,4.65,1090000.0,272244.0,363801.0,273646.0,0.306396,0.331155
20,21,28feb0052o.fits,PG1323-086,V-Johnson+Vacio,2017-02-28,A,516281.0,4.67,599452.0,587784.0,542717.0,516281.0,0.861255,0.044976
22,23,28feb0052o.fits,PG1323-086,V-Johnson+Vacio,2017-02-28,C,342224.0,4.62,599452.0,1436190.0,362735.0,342224.0,0.570895,0.014282
23,24,28feb0052o.fits,PG1323-086,V-Johnson+Vacio,2017-02-28,2R,547580.0,4.58,599452.0,658042.0,581439.0,547580.0,0.913468,0.051454
24,25,28feb0053o.fits,PG1323-086,R-Johnson+Vacio,2017-02-28,A,422944.0,4.73,568627.0,439463.0,438220.0,422944.0,0.743799,0.034761
26,27,28feb0053o.fits,PG1323-086,R-Johnson+Vacio,2017-02-28,C,319899.0,4.66,568627.0,349305.0,332373.0,319899.0,0.562581,0.035711
27,28,28feb0053o.fits,PG1323-086,R-Johnson+Vacio,2017-02-28,2R,349054.0,4.70,568627.0,377272.0,360319.0,349054.0,0.613854,0.029859
28,29,28feb0054o.fits,PG1323-086,I-Johnson+Vacio,2017-02-28,A,400382.0,3.68,627706.0,608821.0,408377.0,400382.0,0.637850,0.013132
30,31,28feb0054o.fits,PG1323-086,I-Johnson+Vacio,2017-02-28,C,338804.0,3.61,627706.0,299741.0,349746.0,338804.0,0.539750,0.036505
31,32,28feb0054o.fits,PG1323-086,I-Johnson+Vacio,2017-02-28,2R,242803.0,3.48,627706.0,212157.0,244836.0,242803.0,0.386810,0.009583
32,33,01mar0076o.fits,PG1323-086,B-Johnson+Vacio,2017-02-28,A,568078.0,5.02,895254.0,504252.0,699898.0,568078.0,0.634544,0.261417
33,34,01mar0076o.fits,PG1323-086,B-Johnson+Vacio,2017-02-28,B,453174.0,5.03,895254.0,451706.0,602852.0,453174.0,0.506196,0.331362
34,35,01mar0076o.fits,PG1323-086,B-Johnson+Vacio,2017-02-28,C,273646.0,4.92,895254.0,272244.0,363801.0,273646.0,0.305663,0.331155
36,37,01mar0077o.fits,PG1323-086,V-Johnson+Vacio,2017-03-01,A,777411.0,5.04,842880.0,587784.0,777411.0,514726.0,0.922327,0.446907
38,39,01mar0077o.fits,PG1323-086,V-Johnson+Vacio,2017-03-01,C,484356.0,5.04,842880.0,1436190.0,4555460.0,484356.0,0.574644,2.834656
39,40,01mar0077o.fits,PG1323-086,V-Johnson+Vacio,2017-03-01,2R,780994.0,5.08,842880.0,658042.0,780994.0,722155.0,0.926578,0.089415
40,41,01mar0078o.fits,PG1323-086,R-Johnson+Vacio,2017-03-01,A,709928.0,5.04,886728.0,439463.0,709928.0,482062.0,0.800615,0.518510
42,43,01mar0078o.fits,PG1323-086,R-Johnson+Vacio,2017-03-01,C,503031.0,4.72,886728.0,349305.0,503031.0,479830.0,0.567289,0.066420
43,44,01mar0078o.fits,PG1323-086,R-Johnson+Vacio,2017-03-01,2R,541655.0,5.00,886728.0,377272.0,541655.0,519642.0,0.610847,0.058348
44,45,01mar0079o.fits,PG1323-086,I-Johnson+Vacio,2017-03-01,A,437577.0,4.72,632547.0,608821.0,437577.0,306135.0,0.691770,0.215896
46,47,01mar0079o.fits,PG1323-086,I-Johnson+Vacio,2017-03-01,C,349523.0,5.00,632547.0,299741.0,349523.0,333366.0,0.552564,0.053903
47,48,01mar0079o.fits,PG1323-086,I-Johnson+Vacio,2017-03-01,2R,248241.0,5.04,632547.0,212157.0,248241.0,236898.0,0.392447,0.053465
48,49,01mar0097o.fits,PG1323-086,B-Johnson+Vacio,2017-03-01,A,477144.0,5.66,1058000.0,504252.0,477144.0,477144.0,0.450987,0.000000
49,50,01mar0097o.fits,PG1323-086,B-Johnson+Vacio,2017-03-01,B,549282.0,5.57,1058000.0,451706.0,549282.0,549282.0,0.519170,0.000000
50,51,01mar0097o.fits,PG1323-086,B-Johnson+Vacio,2017-03-01,C,330456.0,5.55,1058000.0,272244.0,330456.0,330456.0,0.312340,0.000000
52,53,01mar0098o.fits,PG1323-086,V-Johnson+Vacio,2017-03-01,A,514726.0,5.24,4555460.0,587784.0,777411.0,514726.0,0.112991,0.446907
53,54,01mar0098o.fits,PG1323-086,V-Johnson+Vacio,2017-03-01,B,780472.0,5.14,4555460.0,713741.0,842880.0,780472.0,0.171327,0.087438
55,56,01mar0098o.fits,PG1323-086,V-Johnson+Vacio,2017-03-01,2R,722155.0,5.23,4555460.0,658042.0,780994.0,722155.0,0.158525,0.089415
56,57,01mar0099o.fits,PG1323-086,R-Johnson+Vacio,2017-03-01,A,482062.0,4.87,841389.0,439463.0,709928.0,482062.0,0.572936,0.518510
58,59,01mar0099o.fits,PG1323-086,R-Johnson+Vacio,2017-03-01,C,479830.0,4.94,841389.0,349305.0,503031.0,479830.0,0.570283,0.066420
59,60,01mar0099o.fits,PG1323-086,R-Johnson+Vacio,2017-03-01,2R,519642.0,4.88,841389.0,377272.0,541655.0,519642.0,0.617600,0.058348
60,61,01mar0100o.fits,PG1323-086,I-Johnson+Vacio,2017-03-01,A,306135.0,4.48,612560.0,608821.0,437577.0,306135.0,0.499763,0.215896
62,63,01mar0100o.fits,PG1323-086,I-Johnson+Vacio,2017-03-01,C,333366.0,4.46,612560.0,299741.0,349523.0,333366.0,0.544218,0.053903
63,64,01mar0100o.fits,PG1323-086,I-Johnson+Vacio,2017-03-01,2R,236898.0,4.40,612560.0,212157.0,248241.0,236898.0,0.386734,0.053465
64,65,28feb0021o.fits,PG0918+029,I-Johnson+Vacio,2017-02-28,A,95802.0,5.02,1118000.0,88475.5,95802.0,95802.0,0.085691,0.000000
65,66,28feb0021o.fits,PG0918+029,I-Johnson+Vacio,2017-02-28,B,175764.0,4.86,1118000.0,162304.0,175764.0,175764.0,0.157213,0.000000
66,67,28feb0021o.fits,PG0918+029,I-Johnson+Vacio,2017-02-28,C,239130.0,5.03,1118000.0,220580.0,239130.0,239130.0,0.213891,0.000000
68,69,28feb0021o.fits,PG0918+029,I-Johnson+Vacio,2017-02-28,2R,113119.0,4.90,1118000.0,103600.0,113119.0,113119.0,0.101180,0.000000
69,70,28feb0022o.fits,PG0918+029,R-Johnson+Vacio,2017-02-28,A,121045.0,4.76,1172000.0,129644.0,121045.0,121045.0,0.103281,0.000000
70,71,28feb0022o.fits,PG0918+029,R-Johnson+Vacio,2017-02-28,B,216770.0,4.93,1172000.0,230771.0,216770.0,216770.0,0.184957,0.000000
71,72,28feb0022o.fits,PG0918+029,R-Johnson+Vacio,2017-02-28,C,297821.0,4.61,1172000.0,319049.0,297821.0,297821.0,0.254113,0.000000
73,74,28feb0022o.fits,PG0918+029,R-Johnson+Vacio,2017-02-28,2R,234217.0,4.70,1172000.0,249818.0,234217.0,234217.0,0.199844,0.000000
74,75,28feb0023o.fits,PG0918+029,V-Johnson+Vacio,2017-02-28,A,142780.0,5.03,1085000.0,97901.0,142780.0,142780.0,0.131594,0.000000
75,76,28feb0023o.fits,PG0918+029,V-Johnson+Vacio,2017-02-28,B,232772.0,4.97,1085000.0,160142.0,232772.0,232772.0,0.214536,0.000000
76,77,28feb0023o.fits,PG0918+029,V-Johnson+Vacio,2017-02-28,C,339772.0,4.98,1085000.0,234079.0,339772.0,339772.0,0.313154,0.000000
78,79,28feb0023o.fits,PG0918+029,V-Johnson+Vacio,2017-02-28,2R,411461.0,4.94,1085000.0,283239.0,411461.0,411461.0,0.379227,0.000000
79,80,28feb0024o.fits,PG0918+029,B-Johnson+Vacio,2017-02-28,A,20927.0,5.14,1203000.0,105770.0,20927.0,20927.0,0.017396,0.000000
80,81,28feb0024o.fits,PG0918+029,B-Johnson+Vacio,2017-02-28,B,283666.0,5.18,1203000.0,272008.0,283666.0,283666.0,0.235799,0.000000
81,82,28feb0024o.fits,PG0918+029,B-Johnson+Vacio,2017-02-28,C,454675.0,5.15,1203000.0,438145.0,454675.0,454675.0,0.377951,0.000000
82,83,28feb0024o.fits,PG0918+029,B-Johnson+Vacio,2017-02-28,D,1044000.0,5.20,1203000.0,1004010.0,1044000.0,1044000.0,0.867830,0.000000
84,85,01mar0037o.fits,PG0918+029,B-Johnson+Vacio,2017-03-01,A,190612.0,5.28,1095000.0,105770.0,190612.0,190612.0,0.174075,0.000000
85,86,01mar0037o.fits,PG0918+029,B-Johnson+Vacio,2017-03-01,B,260350.0,5.20,1095000.0,272008.0,260350.0,260350.0,0.237763,0.000000
86,87,01mar0037o.fits,PG0918+029,B-Johnson+Vacio,2017-03-01,C,421615.0,5.11,1095000.0,438145.0,421615.0,421615.0,0.385037,0.000000
87,88,01mar0037o.fits,PG0918+029,B-Johnson+Vacio,2017-03-01,D,964017.0,5.08,1095000.0,1004010.0,964017.0,964017.0,0.880381,0.000000
89,90,01mar0038o.fits,PG0918+029,V-Johnson+Vacio,2017-03-01,A,150923.0,5.51,1164000.0,97901.0,150923.0,0.0,0.129659,1.541588
90,91,01mar0038o.fits,PG0918+029,V-Johnson+Vacio,2017-03-01,B,247655.0,5.53,1164000.0,160142.0,247655.0,0.0,0.212762,1.546471
91,92,01mar0038o.fits,PG0918+029,V-Johnson+Vacio,2017-03-01,C,362466.0,5.45,1164000.0,234079.0,362466.0,0.0,0.311397,1.548477
93,94,01mar0038o.fits,PG0918+029,V-Johnson+Vacio,2017-03-01,2R,438257.0,5.39,1164000.0,283239.0,438257.0,0.0,0.376509,1.547305
94,95,01mar0039o.fits,PG0918+029,R-Johnson+Vacio,2017-03-01,A,138244.0,5.48,1341000.0,129644.0,138244.0,138244.0,0.103090,0.000000
95,96,01mar0039o.fits,PG0918+029,R-Johnson+Vacio,2017-03-01,B,244772.0,5.45,1341000.0,230771.0,244772.0,244772.0,0.182529,0.000000
96,97,01mar0039o.fits,PG0918+029,R-Johnson+Vacio,2017-03-01,C,340277.0,5.48,1341000.0,319049.0,340277.0,340277.0,0.253749,0.000000
98,99,01mar0039o.fits,PG0918+029,R-Johnson+Vacio,2017-03-01,2R,265418.0,5.50,1341000.0,249818.0,265418.0,265418.0,0.197925,0.000000
99,100,01mar0040o.fits,PG0918+029,I-Johnson+Vacio,2017-03-01,A,81149.0,4.76,947734.0,88475.5,81149.0,81149.0,0.085624,0.000000
100,101,01mar0040o.fits,PG0918+029,I-Johnson+Vacio,2017-03-01,B,148844.0,4.74,947734.0,162304.0,148844.0,148844.0,0.157053,0.000000
101,102,01mar0040o.fits,PG0918+029,I-Johnson+Vacio,2017-03-01,C,202031.0,4.90,947734.0,220580.0,202031.0,202031.0,0.213173,0.000000
103,104,01mar0040o.fits,PG0918+029,I-Johnson+Vacio,2017-03-01,2R,94082.0,4.83,947734.0,103600.0,94082.0,94082.0,0.099270,0.000000
104,105,01mar0041o.fits,PG0918+029,V-Johnson+Vacio,2017-03-01,A,0.0,0.00,0.0,97901.0,150923.0,0.0,NaN,1.541588
105,106,01mar0041o.fits,PG0918+029,V-Johnson+Vacio,2017-03-01,B,0.0,0.00,0.0,160142.0,247655.0,0.0,NaN,1.546471
106,107,01mar0041o.fits,PG0918+029,V-Johnson+Vacio,2017-03-01,C,0.0,0.00,0.0,234079.0,362466.0,0.0,NaN,1.548477
107,108,01mar0041o.fits,PG0918+029,V-Johnson+Vacio,2017-03-01,D,0.0,0.00,0.0,749667.0,1164000.0,0.0,NaN,1.552689
108,109,01mar0041o.fits,PG0918+029,V-Johnson+Vacio,2017-03-01,2R,0.0,0.00,0.0,283239.0,438257.0,0.0,NaN,1.547305
109,110,01mar0033o.fits,RU149,V-Johnson+Vacio,2017-03-01,A,102676.0,5.19,1746000.0,97072.5,102676.0,91469.0,0.058806,0.115450
110,111,01mar0033o.fits,RU149,V-Johnson+Vacio,2017-03-01,B,597999.0,5.04,1746000.0,564252.0,597999.0,530506.0,0.342497,0.119615
111,112,01mar0033o.fits,RU149,V-Johnson+Vacio,2017-03-01,C,114476.0,5.06,1746000.0,108428.0,114476.0,102380.0,0.065565,0.111558
113,114,01mar0033o.fits,RU149,V-Johnson+Vacio,2017-03-01,E,221886.0,5.04,1746000.0,209954.0,221886.0,198021.0,0.127082,0.113668
114,115,01mar0033o.fits,RU149,V-Johnson+Vacio,2017-03-01,F,276740.0,5.07,1746000.0,261822.0,276740.0,246905.0,0.158499,0.113951
115,116,01mar0033o.fits,RU149,V-Johnson+Vacio,2017-03-01,G,498396.0,4.95,1746000.0,469182.0,498396.0,439969.0,0.285450,0.124530
116,117,01mar0033o.fits,RU149,V-Johnson+Vacio,2017-03-01,149,191943.0,5.05,1746000.0,181562.0,191943.0,171182.0,0.109933,0.114347
117,118,01mar0034o.fits,RU149,R-Johnson+Vacio,2017-03-01,A,81934.0,4.40,1218000.0,57289.3,81934.0,76582.0,0.067269,0.093421
118,119,01mar0034o.fits,RU149,R-Johnson+Vacio,2017-03-01,B,572967.0,4.31,1218000.0,458084.0,572967.0,527851.0,0.470416,0.098488
119,120,01mar0034o.fits,RU149,R-Johnson+Vacio,2017-03-01,C,87273.0,4.46,1218000.0,68148.2,87273.0,79852.0,0.071653,0.108895
121,122,01mar0034o.fits,RU149,R-Johnson+Vacio,2017-03-01,E,204872.0,4.36,1218000.0,159312.0,204872.0,189154.0,0.168204,0.098662
122,123,01mar0034o.fits,RU149,R-Johnson+Vacio,2017-03-01,F,325350.0,4.48,1218000.0,252618.0,325350.0,298547.0,0.267118,0.106101
123,124,01mar0034o.fits,RU149,R-Johnson+Vacio,2017-03-01,G,458069.0,4.41,1218000.0,347955.0,458069.0,418086.0,0.376083,0.114909
124,125,01mar0034o.fits,RU149,R-Johnson+Vacio,2017-03-01,149,126721.0,4.50,1218000.0,96594.2,126721.0,116396.0,0.104040,0.106890
125,126,01mar0035o.fits,RU149,I-Johnson+Vacio,2017-03-01,A,68348.0,4.72,842902.0,63014.8,68348.0,64764.0,0.081087,0.056876
126,127,01mar0035o.fits,RU149,I-Johnson+Vacio,2017-03-01,B,548398.0,4.80,842902.0,492358.0,548398.0,515641.0,0.650607,0.066531
127,128,01mar0035o.fits,RU149,I-Johnson+Vacio,2017-03-01,C,68200.0,4.73,842902.0,62955.2,68200.0,63849.0,0.080911,0.069113
129,130,01mar0035o.fits,RU149,I-Johnson+Vacio,2017-03-01,E,189443.0,4.85,842902.0,171952.0,189443.0,180114.0,0.224751,0.054254
130,131,01mar0035o.fits,RU149,I-Johnson+Vacio,2017-03-01,F,375798.0,4.78,842902.0,332132.0,375798.0,354262.0,0.445838,0.064842
131,132,01mar0035o.fits,RU149,I-Johnson+Vacio,2017-03-01,G,426245.0,4.82,842902.0,383243.0,426245.0,401008.0,0.505687,0.065851
132,133,01mar0035o.fits,RU149,I-Johnson+Vacio,2017-03-01,149,82384.0,4.64,842902.0,78274.0,82384.0,77483.0,0.097739,0.062613
133,134,01mar0036o.fits,RU149,B-Johnson+Vacio,2017-03-01,A,78810.0,4.90,1766000.0,65199.0,99672.0,78810.0,0.044626,0.319974
134,135,01mar0036o.fits,RU149,B-Johnson+Vacio,2017-03-01,B,336829.0,4.92,1766000.0,281564.0,424479.0,336829.0,0.190730,0.311297
135,136,01mar0036o.fits,RU149,B-Johnson+Vacio,2017-03-01,C,96083.0,4.78,1766000.0,157682.0,119438.0,96083.0,0.054407,0.148115
137,138,01mar0036o.fits,RU149,B-Johnson+Vacio,2017-03-01,E,138507.0,4.87,1766000.0,118950.0,175253.0,138507.0,0.078430,0.308920
138,139,01mar0036o.fits,RU149,B-Johnson+Vacio,2017-03-01,F,105951.0,4.74,1766000.0,107085.0,233980.0,105951.0,0.059995,1.195583
139,140,01mar0036o.fits,RU149,B-Johnson+Vacio,2017-03-01,G,307288.0,4.80,1766000.0,256874.0,390489.0,307288.0,0.174002,0.323898
140,141,01mar0036o.fits,RU149,B-Johnson+Vacio,2017-03-01,149,211447.0,4.92,1766000.0,154672.0,260477.0,211447.0,0.119732,0.316993
141,142,01mar0068o.fits,RU149,B-Johnson+Vacio,2017-03-01,A,99672.0,5.60,2209000.0,65199.0,99672.0,78810.0,0.045121,0.319974
142,143,01mar0068o.fits,RU149,B-Johnson+Vacio,2017-03-01,B,424479.0,5.77,2209000.0,281564.0,424479.0,336829.0,0.192159,0.311297
143,144,01mar0068o.fits,RU149,B-Johnson+Vacio,2017-03-01,C,119438.0,5.63,2209000.0,157682.0,119438.0,96083.0,0.054069,0.148115
145,146,01mar0068o.fits,RU149,B-Johnson+Vacio,2017-03-01,E,175253.0,5.50,2209000.0,118950.0,175253.0,138507.0,0.079336,0.308920
146,147,01mar0068o.fits,RU149,B-Johnson+Vacio,2017-03-01,F,233980.0,5.42,2209000.0,107085.0,233980.0,105951.0,0.105921,1.195583
147,148,01mar0068o.fits,RU149,B-Johnson+Vacio,2017-03-01,G,390489.0,5.48,2209000.0,256874.0,390489.0,307288.0,0.176772,0.323898
148,149,01mar0068o.fits,RU149,B-Johnson+Vacio,2017-03-01,149,260477.0,5.74,2209000.0,154672.0,260477.0,211447.0,0.117916,0.316993
149,150,01mar0069o.fits,RU149,V-Johnson+Vacio,2017-03-01,A,91469.0,4.89,1552000.0,97072.5,102676.0,91469.0,0.058936,0.115450
150,151,01mar0069o.fits,RU149,V-Johnson+Vacio,2017-03-01,B,530506.0,4.80,1552000.0,564252.0,597999.0,530506.0,0.341821,0.119615
151,152,01mar0069o.fits,RU149,V-Johnson+Vacio,2017-03-01,C,102380.0,4.77,1552000.0,108428.0,114476.0,102380.0,0.065966,0.111558
153,154,01mar0069o.fits,RU149,V-Johnson+Vacio,2017-03-01,E,198021.0,4.81,1552000.0,209954.0,221886.0,198021.0,0.127591,0.113668
154,155,01mar0069o.fits,RU149,V-Johnson+Vacio,2017-03-01,F,246905.0,4.77,1552000.0,261822.0,276740.0,246905.0,0.159088,0.113951
155,156,01mar0069o.fits,RU149,V-Johnson+Vacio,2017-03-01,G,439969.0,4.77,1552000.0,469182.0,498396.0,439969.0,0.283485,0.124530
156,157,01mar0069o.fits,RU149,V-Johnson+Vacio,2017-03-01,149,171182.0,4.87,1552000.0,181562.0,191943.0,171182.0,0.110298,0.114347
157,158,01mar0070o.fits,RU149,R-Johnson+Vacio,2017-03-01,A,76582.0,4.57,1124000.0,57289.3,81934.0,76582.0,0.068133,0.093421
158,159,01mar0070o.fits,RU149,R-Johnson+Vacio,2017-03-01,B,527851.0,4.49,1124000.0,458084.0,572967.0,527851.0,0.469618,0.098488
159,160,01mar0070o.fits,RU149,R-Johnson+Vacio,2017-03-01,C,79852.0,4.46,1124000.0,68148.2,87273.0,79852.0,0.071043,0.108895
161,162,01mar0070o.fits,RU149,R-Johnson+Vacio,2017-03-01,E,189154.0,4.40,1124000.0,159312.0,204872.0,189154.0,0.168286,0.098662
162,163,01mar0070o.fits,RU149,R-Johnson+Vacio,2017-03-01,F,298547.0,4.46,1124000.0,252618.0,325350.0,298547.0,0.265611,0.106101
163,164,01mar0070o.fits,RU149,R-Johnson+Vacio,2017-03-01,G,418086.0,4.48,1124000.0,347955.0,458069.0,418086.0,0.371963,0.114909
164,165,01mar0070o.fits,RU149,R-Johnson+Vacio,2017-03-01,149,116396.0,4.60,1124000.0,96594.2,126721.0,116396.0,0.103555,0.106890
165,166,01mar0071o.fits,RU149,I-Johnson+Vacio,2017-03-01,A,64764.0,4.43,797148.0,63014.8,68348.0,64764.0,0.081245,0.056876
166,167,01mar0071o.fits,RU149,I-Johnson+Vacio,2017-03-01,B,515641.0,4.34,797148.0,492358.0,548398.0,515641.0,0.646857,0.066531
167,168,01mar0071o.fits,RU149,I-Johnson+Vacio,2017-03-01,C,63849.0,4.32,797148.0,62955.2,68200.0,63849.0,0.080097,0.069113
169,170,01mar0071o.fits,RU149,I-Johnson+Vacio,2017-03-01,E,180114.0,4.34,797148.0,171952.0,189443.0,180114.0,0.225948,0.054254
170,171,01mar0071o.fits,RU149,I-Johnson+Vacio,2017-03-01,F,354262.0,4.15,797148.0,332132.0,375798.0,354262.0,0.444412,0.064842
171,172,01mar0071o.fits,RU149,I-Johnson+Vacio,2017-03-01,G,401008.0,4.20,797148.0,383243.0,426245.0,401008.0,0.503053,0.065851
172,173,01mar0071o.fits,RU149,I-Johnson+Vacio,2017-03-01,149,77483.0,4.36,797148.0,78274.0,82384.0,77483.0,0.097200,0.062613
173,174,2029o.fits,RU149,B-Johnson+Vacio,2006-04-25,A,44699.0,9.01,1001000.0,65199.0,44699.0,44699.0,0.044654,0.000000
174,175,2029o.fits,RU149,B-Johnson+Vacio,2006-04-25,B,190956.0,7.80,1001000.0,281564.0,190956.0,190956.0,0.190765,0.000000
175,176,2029o.fits,RU149,B-Johnson+Vacio,2006-04-25,C,53371.0,7.96,1001000.0,157682.0,53371.0,53371.0,0.053318,0.000000
177,178,2029o.fits,RU149,B-Johnson+Vacio,2006-04-25,E,79982.0,9.35,1001000.0,118950.0,79982.0,79982.0,0.079902,0.000000
178,179,2029o.fits,RU149,B-Johnson+Vacio,2006-04-25,F,61446.0,9.37,1001000.0,107085.0,61446.0,61446.0,0.061385,0.000000
179,180,2029o.fits,RU149,B-Johnson+Vacio,2006-04-25,G,175149.0,9.28,1001000.0,256874.0,175149.0,175149.0,0.174974,0.000000
180,181,2029o.fits,RU149,B-Johnson+Vacio,2006-04-25,149,117360.0,9.32,1001000.0,154672.0,117360.0,117360.0,0.117243,0.000000
181,182,2030o.fits,RU149,R-Johnson+Vacio,2006-04-25,A,52898.0,7.03,768472.0,57289.3,52898.0,52898.0,0.068835,0.000000
182,183,2030o.fits,RU149,R-Johnson+Vacio,2006-04-25,B,359124.0,6.91,768472.0,458084.0,359124.0,359124.0,0.467322,0.000000
183,184,2030o.fits,RU149,R-Johnson+Vacio,2006-04-25,C,54602.0,7.03,768472.0,68148.2,54602.0,54602.0,0.071053,0.000000
185,186,2030o.fits,RU149,R-Johnson+Vacio,2006-04-25,E,131054.0,7.05,768472.0,159312.0,131054.0,131054.0,0.170538,0.000000
186,187,2030o.fits,RU149,R-Johnson+Vacio,2006-04-25,F,205688.0,6.92,768472.0,252618.0,205688.0,205688.0,0.267658,0.000000
187,188,2030o.fits,RU149,R-Johnson+Vacio,2006-04-25,G,292571.0,7.14,768472.0,347955.0,292571.0,292571.0,0.380718,0.000000
188,189,2030o.fits,RU149,R-Johnson+Vacio,2006-04-25,149,79932.0,6.87,768472.0,96594.2,79932.0,79932.0,0.104014,0.000000
189,190,3029o.fits,RU149,I-Johnson+Vacio,2006-04-26,A,51543.0,7.46,643691.0,63014.8,51543.0,51543.0,0.080074,0.000000
190,191,3029o.fits,RU149,I-Johnson+Vacio,2006-04-26,B,419828.0,7.12,643691.0,492358.0,419828.0,419828.0,0.652220,0.000000
191,192,3029o.fits,RU149,I-Johnson+Vacio,2006-04-26,C,52168.0,7.04,643691.0,62955.2,52168.0,52168.0,0.081045,0.000000
193,194,3029o.fits,RU149,I-Johnson+Vacio,2006-04-26,E,146142.0,7.04,643691.0,171952.0,146142.0,146142.0,0.227038,0.000000
194,195,3029o.fits,RU149,I-Johnson+Vacio,2006-04-26,F,291221.0,7.14,643691.0,332132.0,291221.0,291221.0,0.452424,0.000000
195,196,3029o.fits,RU149,I-Johnson+Vacio,2006-04-26,G,327618.0,7.47,643691.0,383243.0,327618.0,327618.0,0.508968,0.0
196,197,3029o.fits,RU149,I-Johnson+Vacio,2006-04-26,149,60027.0,7.40,643691.0,78274.0,60027.0,60027.0,0.093254,0.0
197,198,3030o.fits,RU149,R-Johnson+Vacio,2006-04-26,A,51575.0,6.79,752903.0,57289.3,51575.0,51575.0,0.068502,0.0
198,199,3030o.fits,RU149,R-Johnson+Vacio,2006-04-26,B,342757.0,6.77,752903.0,458084.0,342757.0,342757.0,0.455247,0.0
199,200,3030o.fits,RU149,R-Johnson+Vacio,2006-04-26,C,54138.0,6.93,752903.0,68148.2,54138.0,54138.0,0.071906,0.0
201,202,3030o.fits,RU149,R-Johnson+Vacio,2006-04-26,E,129600.0,6.78,752903.0,159312.0,129600.0,129600.0,0.172134,0.0
202,203,3030o.fits,RU149,R-Johnson+Vacio,2006-04-26,F,207872.0,6.98,752903.0,252618.0,207872.0,207872.0,0.276094,0.0
203,204,3030o.fits,RU149,R-Johnson+Vacio,2006-04-26,G,288045.0,7.06,752903.0,347955.0,288045.0,288045.0,0.382579,0.0
204,205,3030o.fits,RU149,R-Johnson+Vacio,2006-04-26,149,79232.0,6.90,752903.0,96594.2,79232.0,79232.0,0.105235,0.0
205,206,3031o.fits,RU149,B-Johnson+Vacio,2006-04-26,A,45940.0,9.23,1013000.0,65199.0,45940.0,45940.0,0.045350,0.0
206,207,3031o.fits,RU149,B-Johnson+Vacio,2006-04-26,B,194043.0,9.42,1013000.0,281564.0,194043.0,194043.0,0.191553,0.0
207,208,3031o.fits,RU149,B-Johnson+Vacio,2006-04-26,C,52463.0,9.34,1013000.0,157682.0,52463.0,52463.0,0.051790,0.0
209,210,3031o.fits,RU149,B-Johnson+Vacio,2006-04-26,E,83353.0,9.14,1013000.0,118950.0,83353.0,83353.0,0.082283,0.0
210,211,3031o.fits,RU149,B-Johnson+Vacio,2006-04-26,F,63052.0,9.58,1013000.0,107085.0,63052.0,63052.0,0.062243,0.0
211,212,3031o.fits,RU149,B-Johnson+Vacio,2006-04-26,G,175248.0,9.46,1013000.0,256874.0,175248.0,175248.0,0.172999,0.0
212,213,3031o.fits,RU149,B-Johnson+Vacio,2006-04-26,149,11994.0,9.42,1013000.0,154672.0,11994.0,11994.0,0.011840,0.0
213,214,4030o.fits,RU149,R-Johnson+Vacio,2006-04-29,A,5055.0,6.96,628450.0,57289.3,5055.0,5055.0,0.008044,0.0
214,215,4030o.fits,RU149,R-Johnson+Vacio,2006-04-29,B,412892.0,6.82,628450.0,458084.0,412892.0,412892.0,0.657001,0.0
215,216,4030o.fits,RU149,R-Johnson+Vacio,2006-04-29,C,52547.0,7.08,628450.0,68148.2,52547.0,52547.0,0.083614,0.0
217,218,4030o.fits,RU149,R-Johnson+Vacio,2006-04-29,E,141882.0,7.07,628450.0,159312.0,141882.0,141882.0,0.225765,0.0
218,219,4030o.fits,RU149,R-Johnson+Vacio,2006-04-29,F,284277.0,7.01,628450.0,252618.0,284277.0,284277.0,0.452346,0.0
219,220,4030o.fits,RU149,R-Johnson+Vacio,2006-04-29,G,323768.0,7.01,628450.0,347955.0,323768.0,323768.0,0.515185,0.0
220,221,4030o.fits,RU149,R-Johnson+Vacio,2006-04-29,149,60676.0,6.97,628450.0,96594.2,60676.0,60676.0,0.096549,0.0
221,222,4031o.fits,RU149,I-Johnson+Vacio,2006-04-29,A,55622.0,11.34,769958.0,63014.8,55622.0,55622.0,0.072240,0.0
222,223,4031o.fits,RU149,I-Johnson+Vacio,2006-04-29,B,371721.0,11.03,769958.0,492358.0,371721.0,371721.0,0.482781,0.0
223,224,4031o.fits,RU149,I-Johnson+Vacio,2006-04-29,C,55561.0,10.73,769958.0,62955.2,55561.0,55561.0,0.072161,0.0
225,226,4031o.fits,RU149,I-Johnson+Vacio,2006-04-29,E,133944.0,11.04,769958.0,171952.0,133944.0,133944.0,0.173963,0.0
226,227,4031o.fits,RU149,I-Johnson+Vacio,2006-04-29,F,213418.0,10.87,769958.0,332132.0,213418.0,213418.0,0.277181,0.0
227,228,4031o.fits,RU149,I-Johnson+Vacio,2006-04-29,G,292059.0,11.24,769958.0,383243.0,292059.0,292059.0,0.379318,0.0
228,229,4031o.fits,RU149,I-Johnson+Vacio,2006-04-29,149,81823.0,10.22,769958.0,78274.0,81823.0,81823.0,0.106269,0.0
229,230,4032o.fits,RU149,B-Johnson+Vacio,2006-04-29,A,43740.0,13.97,981070.0,65199.0,43740.0,43740.0,0.044584,0.0
230,231,4032o.fits,RU149,B-Johnson+Vacio,2006-04-29,B,193264.0,13.98,981070.0,281564.0,193264.0,193264.0,0.196993,0.0
231,232,4032o.fits,RU149,B-Johnson+Vacio,2006-04-29,C,524997.0,14.03,981070.0,157682.0,524997.0,524997.0,0.535127,0.0
233,234,4032o.fits,RU149,B-Johnson+Vacio,2006-04-29,E,85028.0,13.52,981070.0,118950.0,85028.0,85028.0,0.086669,0.0
234,235,4032o.fits,RU149,B-Johnson+Vacio,2006-04-29,F,65637.0,14.07,981070.0,107085.0,65637.0,65637.0,0.066903,0.0
235,236,4032o.fits,RU149,B-Johnson+Vacio,2006-04-29,G,170878.0,14.02,981070.0,256874.0,170878.0,170878.0,0.174175,0.0
236,237,4032o.fits,RU149,B-Johnson+Vacio,2006-04-29,149,114523.0,14.14,981070.0,154672.0,114523.0,114523.0,0.116733,0.0
237,238,5031o.fits,RU149,I-Johnson+Vacio,2006-04-30,A,74797.0,5.58,925807.0,63014.8,74797.0,74797.0,0.080791,0.0
238,239,5031o.fits,RU149,I-Johnson+Vacio,2006-04-30,B,606202.0,5.34,925807.0,492358.0,606202.0,606202.0,0.654782,0.0
239,240,5031o.fits,RU149,I-Johnson+Vacio,2006-04-30,C,74998.0,5.55,925807.0,62955.2,74998.0,74998.0,0.081008,0.0
241,242,5031o.fits,RU149,I-Johnson+Vacio,2006-04-30,E,210115.0,5.22,925807.0,171952.0,210115.0,210115.0,0.226953,0.0
242,243,5031o.fits,RU149,I-Johnson+Vacio,2006-04-30,F,425960.0,5.78,925807.0,332132.0,425960.0,425960.0,0.460096,0.0
243,244,5031o.fits,RU149,I-Johnson+Vacio,2006-04-30,G,469287.0,5.79,925807.0,383243.0,469287.0,469287.0,0.506895,0.0
244,245,5031o.fits,RU149,I-Johnson+Vacio,2006-04-30,149,89653.0,5.56,925807.0,78274.0,89653.0,89653.0,0.096838,0.0
245,246,5032o.fits,RU149,R-Johnson+Vacio,2006-04-30,A,75692.0,6.32,1130000.0,57289.3,75692.0,75692.0,0.066984,0.0
246,247,5032o.fits,RU149,R-Johnson+Vacio,2006-04-30,B,532910.0,5.72,1130000.0,458084.0,532910.0,532910.0,0.471602,0.0
247,248,5032o.fits,RU149,R-Johnson+Vacio,2006-04-30,C,80477.0,5.54,1130000.0,68148.2,80477.0,80477.0,0.071219,0.0
249,250,5032o.fits,RU149,R-Johnson+Vacio,2006-04-30,F,193977.0,5.77,1130000.0,252618.0,193977.0,193977.0,0.171661,0.0
250,251,5032o.fits,RU149,R-Johnson+Vacio,2006-04-30,G,307189.0,6.24,1130000.0,347955.0,307189.0,307189.0,0.271849,0.0
251,252,5032o.fits,RU149,R-Johnson+Vacio,2006-04-30,H,431561.0,6.20,1130000.0,431561.0,431561.0,431561.0,0.381912,0.0
252,253,5032o.fits,RU149,R-Johnson+Vacio,2006-04-30,149,116608.0,6.01,1130000.0,96594.2,116608.0,116608.0,0.103193,0.0
253,254,5033o.fits,RU149,B-Johnson+Vacio,2006-04-30,A,78333.0,7.92,1824000.0,65199.0,78333.0,78333.0,0.042946,0.0
254,255,5033o.fits,RU149,B-Johnson+Vacio,2006-04-30,B,349812.0,7.72,1824000.0,281564.0,349812.0,349812.0,0.191783,0.0
255,256,5033o.fits,RU149,B-Johnson+Vacio,2006-04-30,C,99737.0,7.70,1824000.0,157682.0,99737.0,99737.0,0.054680,0.0
257,258,5033o.fits,RU149,B-Johnson+Vacio,2006-04-30,E,151575.0,7.77,1824000.0,118950.0,151575.0,151575.0,0.083100,0.0
258,259,5033o.fits,RU149,B-Johnson+Vacio,2006-04-30,F,112445.0,7.72,1824000.0,107085.0,112445.0,112445.0,0.061647,0.0
259,260,5033o.fits,RU149,B-Johnson+Vacio,2006-04-30,G,322191.0,7.68,1824000.0,256874.0,322191.0,322191.0,0.176640,0.0
260,261,5033o.fits,RU149,B-Johnson+Vacio,2006-04-30,149,212232.0,7.76,1824000.0,154672.0,212232.0,212232.0,0.116355,0.0
261,262,2043o.fits,PG1323-086,B-Johnson+Vacio,2006-04-25,A,111549.0,9.08,182877.0,504252.0,111549.0,111549.0,0.609967,0.0
262,263,2043o.fits,PG1323-086,B-Johnson+Vacio,2006-04-25,B,93908.0,7.82,182877.0,451706.0,93908.0,93908.0,0.513504,0.0
263,264,2043o.fits,PG1323-086,B-Johnson+Vacio,2006-04-25,C,59346.0,9.32,182877.0,272244.0,59346.0,59346.0,0.324513,0.000000
265,266,2044o.fits,PG1323-086,R-Johnson+Vacio,2006-04-25,A,144162.0,6.84,192119.0,439463.0,144162.0,144162.0,0.750379,0.000000
267,268,2044o.fits,PG1323-086,R-Johnson+Vacio,2006-04-25,C,111394.0,6.83,192119.0,349305.0,111394.0,111394.0,0.579818,0.000000
268,269,2044o.fits,PG1323-086,R-Johnson+Vacio,2006-04-25,2R,115691.0,7.06,192119.0,377272.0,115691.0,115691.0,0.602184,0.000000
270,271,2045o.fits,PG1323-086,I-Johnson+Vacio,2006-04-25,B,232767.0,5.83,1491630.0,549018.0,232767.0,232767.0,0.156049,0.000000
271,272,2045o.fits,PG1323-086,I-Johnson+Vacio,2006-04-25,C,127265.0,6.00,1491630.0,299741.0,127265.0,127265.0,0.085319,0.000000
272,273,2045o.fits,PG1323-086,I-Johnson+Vacio,2006-04-25,2R,88009.0,6.08,1491630.0,212157.0,88009.0,88009.0,0.059002,0.000000
273,274,2056o.fits,PG1633+099,B-Johnson+Vacio,2006-04-25,A,33326.0,9.15,228463.0,34015.9,33326.0,33326.0,0.145870,0.000000
275,276,2056o.fits,PG1633+099,B-Johnson+Vacio,2006-04-25,C,174962.0,7.85,228463.0,178095.0,174962.0,174962.0,0.765822,0.000000
276,277,2056o.fits,PG1633+099,B-Johnson+Vacio,2006-04-25,D,66241.0,2.41,228463.0,69137.3,66241.0,66241.0,0.289942,0.000000
277,278,2056o.fits,PG1633+099,B-Johnson+Vacio,2006-04-25,2R,179724.0,7.89,228463.0,159067.0,179724.0,179724.0,0.786666,0.000000
278,279,2057o.fits,PG1633+099,R-Johnson+Vacio,2006-04-25,A,77420.0,6.37,692523.0,96066.2,77420.0,77420.0,0.111794,0.000000
280,281,2057o.fits,PG1633+099,R-Johnson+Vacio,2006-04-25,C,556056.0,5.61,692523.0,552862.0,556056.0,556056.0,0.802942,0.000000
281,282,2057o.fits,PG1633+099,R-Johnson+Vacio,2006-04-25,D,6722.0,3.00,692523.0,115833.0,6722.0,6722.0,0.009707,0.000000
282,283,2057o.fits,PG1633+099,R-Johnson+Vacio,2006-04-25,2R,100009.0,6.71,692523.0,119994.0,100009.0,100009.0,0.144413,0.000000
283,284,2058o.fits,PG1633+099,I-Johnson+Vacio,2006-04-25,A,105393.0,6.27,917442.0,121004.0,105393.0,105393.0,0.114877,0.000000
285,286,2058o.fits,PG1633+099,I-Johnson+Vacio,2006-04-25,C,700445.0,5.72,917442.0,855971.0,700445.0,700445.0,0.763476,0.000000
286,287,2058o.fits,PG1633+099,I-Johnson+Vacio,2006-04-25,D,0.0,0.00,917442.0,96384.8,0.0,0.0,0.000000,0.000000
287,288,2058o.fits,PG1633+099,I-Johnson+Vacio,2006-04-25,2R,71479.0,6.84,917442.0,82699.5,71479.0,71479.0,0.077911,0.000000
288,289,3042o.fits,PG1633+099,B-Johnson+Vacio,2006-04-26,A,34093.0,14.14,242999.0,34015.9,41197.0,30657.0,0.140301,0.309855
290,291,3042o.fits,PG1633+099,B-Johnson+Vacio,2006-04-26,C,187238.0,14.46,242999.0,178095.0,206952.0,173865.0,0.770530,0.185783
291,292,3042o.fits,PG1633+099,B-Johnson+Vacio,2006-04-26,D,197976.0,14.22,242999.0,69137.3,219744.0,0.0,0.814719,3.178371
292,293,3042o.fits,PG1633+099,B-Johnson+Vacio,2006-04-26,2R,31146.0,5.90,242999.0,159067.0,211372.0,31146.0,0.128173,1.133019
293,294,3043o.fits,PG1633+099,R-Johnson+Vacio,2006-04-26,A,93774.0,9.95,827258.0,96066.2,117190.0,93774.0,0.113355,0.243749
295,296,3043o.fits,PG1633+099,R-Johnson+Vacio,2006-04-26,C,661492.0,9.89,827258.0,552862.0,824176.0,82244.0,0.799620,1.341984
296,297,3043o.fits,PG1633+099,R-Johnson+Vacio,2006-04-26,D,327823.0,9.97,827258.0,115833.0,360454.0,0.0,0.396277,3.111842
297,298,3043o.fits,PG1633+099,R-Johnson+Vacio,2006-04-26,2R,103850.0,10.20,827258.0,119994.0,150291.0,103850.0,0.125535,0.387028
298,299,3044o.fits,PG1633+099,I-Johnson+Vacio,2006-04-26,A,133034.0,7.59,1154000.0,121004.0,157220.0,133034.0,0.115281,0.199878
300,301,3044o.fits,PG1633+099,I-Johnson+Vacio,2006-04-26,C,947712.0,7.04,1154000.0,855971.0,1133000.0,947712.0,0.821241,0.216465
301,302,3044o.fits,PG1633+099,I-Johnson+Vacio,2006-04-26,D,385539.0,6.93,1154000.0,96384.8,385539.0,0.0,0.334089,3.999998
302,303,3044o.fits,PG1633+099,I-Johnson+Vacio,2006-04-26,2R,92319.0,7.67,1154000.0,82699.5,105873.0,92319.0,0.079999,0.163895
303,304,3045o.fits,PG1633+099,B-Johnson+Vacio,2006-04-26,A,41197.0,10.08,271881.0,34015.9,41197.0,30657.0,0.151526,0.309855
305,306,3045o.fits,PG1633+099,B-Johnson+Vacio,2006-04-26,C,206952.0,9.92,271881.0,178095.0,206952.0,173865.0,0.761186,0.185783
306,307,3045o.fits,PG1633+099,B-Johnson+Vacio,2006-04-26,D,219744.0,9.94,271881.0,69137.3,219744.0,0.0,0.808236,3.178371
307,308,3045o.fits,PG1633+099,B-Johnson+Vacio,2006-04-26,2R,211372.0,9.83,271881.0,159067.0,211372.0,31146.0,0.777443,1.133019
308,309,3046o.fits,PG1633+099,R-Johnson+Vacio,2006-04-26,A,105089.0,8.01,919780.0,96066.2,117190.0,93774.0,0.114254,0.243749
310,311,3046o.fits,PG1633+099,R-Johnson+Vacio,2006-04-26,C,734319.0,9.14,919780.0,552862.0,824176.0,82244.0,0.798364,1.341984
311,312,3046o.fits,PG1633+099,R-Johnson+Vacio,2006-04-26,D,360454.0,9.21,919780.0,115833.0,360454.0,0.0,0.391892,3.111842
312,313,3046o.fits,PG1633+099,R-Johnson+Vacio,2006-04-26,2R,132509.0,9.40,919780.0,119994.0,150291.0,103850.0,0.144066,0.387028
313,314,3059o.fits,PG1633+099,B-Johnson+Vacio,2006-04-26,A,30657.0,11.58,225751.0,34015.9,41197.0,30657.0,0.135800,0.309855
315,316,3059o.fits,PG1633+099,B-Johnson+Vacio,2006-04-26,C,173865.0,11.29,225751.0,178095.0,206952.0,173865.0,0.770163,0.185783
316,317,3059o.fits,PG1633+099,B-Johnson+Vacio,2006-04-26,D,0.0,0.00,225751.0,69137.3,219744.0,0.0,0.000000,3.178371
317,318,3059o.fits,PG1633+099,B-Johnson+Vacio,2006-04-26,2R,179658.0,11.51,225751.0,159067.0,211372.0,31146.0,0.795824,1.133019
318,319,3060o.fits,PG1633+099,R-Johnson+Vacio,2006-04-26,A,117190.0,7.29,1034000.0,96066.2,117190.0,93774.0,0.113337,0.243749
320,321,3060o.fits,PG1633+099,R-Johnson+Vacio,2006-04-26,C,82244.0,7.29,1034000.0,552862.0,824176.0,82244.0,0.079540,1.341984
321,322,3060o.fits,PG1633+099,R-Johnson+Vacio,2006-04-26,D,0.0,0.00,1034000.0,115833.0,360454.0,0.0,0.000000,3.111842
322,323,3060o.fits,PG1633+099,R-Johnson+Vacio,2006-04-26,2R,150268.0,7.42,1034000.0,119994.0,150291.0,103850.0,0.145327,0.387028
323,324,3061o.fits,PG1633+099,R-Johnson+Vacio,2006-04-26,A,116804.0,7.34,1034000.0,96066.2,117190.0,93774.0,0.112963,0.243749
325,326,3061o.fits,PG1633+099,R-Johnson+Vacio,2006-04-26,C,824176.0,6.86,1034000.0,552862.0,824176.0,82244.0,0.797075,1.341984
326,327,3061o.fits,PG1633+099,R-Johnson+Vacio,2006-04-26,D,0.0,0.00,1034000.0,115833.0,360454.0,0.0,0.000000,3.111842
327,328,3061o.fits,PG1633+099,R-Johnson+Vacio,2006-04-26,2R,150291.0,7.29,1034000.0,119994.0,150291.0,103850.0,0.145349,0.387028
328,329,3062o.fits,PG1633+099,I-Johnson+Vacio,2006-04-26,A,157220.0,7.03,1363000.0,121004.0,157220.0,133034.0,0.115348,0.199878
330,331,3062o.fits,PG1633+099,I-Johnson+Vacio,2006-04-26,C,1133000.0,6.31,1363000.0,855971.0,1133000.0,947712.0,0.831255,0.216465
331,332,3062o.fits,PG1633+099,I-Johnson+Vacio,2006-04-26,D,0.0,0.00,1363000.0,96384.8,385539.0,0.0,0.000000,3.999998
332,333,3062o.fits,PG1633+099,I-Johnson+Vacio,2006-04-26,2R,105873.0,7.16,1363000.0,82699.5,105873.0,92319.0,0.077676,0.163895
333,334,3063o.fits,PG1633+099,B-Johnson+Vacio,2006-04-26,A,34834.0,10.09,229034.0,34015.9,41197.0,30657.0,0.152091,0.309855
335,336,3063o.fits,PG1633+099,B-Johnson+Vacio,2006-04-26,C,174985.0,10.14,229034.0,178095.0,206952.0,173865.0,0.764013,0.185783
336,337,3063o.fits,PG1633+099,B-Johnson+Vacio,2006-04-26,D,0.0,0.00,229034.0,69137.3,219744.0,0.0,0.000000,3.178371
337,338,3063o.fits,PG1633+099,B-Johnson+Vacio,2006-04-26,2R,180831.0,10.48,229034.0,159067.0,211372.0,31146.0,0.789538,1.133019
338,339,4043o.fits,PG1633+099,B-Johnson+Vacio,2006-04-29,A,38792.0,12.55,254608.0,34015.9,38792.0,25212.0,0.152360,0.399225
340,341,4043o.fits,PG1633+099,B-Johnson+Vacio,2006-04-29,C,195928.0,12.57,254608.0,178095.0,195928.0,132736.0,0.769528,0.354822
341,342,4043o.fits,PG1633+099,B-Johnson+Vacio,2006-04-29,D,0.0,0.00,254608.0,69137.3,0.0,0.0,0.000000,0.000000
342,343,4043o.fits,PG1633+099,B-Johnson+Vacio,2006-04-29,2R,196937.0,13.09,254608.0,159067.0,196937.0,133804.0,0.773491,0.396896
343,344,4044o.fits,PG1633+099,B-Johnson+Vacio,2006-04-29,A,25212.0,8.77,174525.0,34015.9,38792.0,25212.0,0.144461,0.399225
345,346,4044o.fits,PG1633+099,B-Johnson+Vacio,2006-04-29,C,132736.0,7.67,174525.0,178095.0,195928.0,132736.0,0.760556,0.354822
346,347,4044o.fits,PG1633+099,B-Johnson+Vacio,2006-04-29,D,0.0,0.00,174525.0,69137.3,0.0,0.0,0.000000,0.000000
347,348,4044o.fits,PG1633+099,B-Johnson+Vacio,2006-04-29,2R,133804.0,9.15,174525.0,159067.0,196937.0,133804.0,0.766675,0.396896
348,349,4045o.fits,PG1633+099,R-Johnson+Vacio,2006-04-29,A,66120.0,7.24,574574.0,96066.2,66120.0,66120.0,0.115077,0.000000
350,351,4045o.fits,PG1633+099,R-Johnson+Vacio,2006-04-29,C,458885.0,6.99,574574.0,552862.0,458885.0,458885.0,0.798653,0.000000
351,352,4045o.fits,PG1633+099,R-Johnson+Vacio,2006-04-29,D,0.0,0.00,574574.0,115833.0,0.0,0.0,0.000000,0.000000
352,353,4045o.fits,PG1633+099,R-Johnson+Vacio,2006-04-29,2R,83039.0,8.61,574574.0,119994.0,83039.0,83039.0,0.144523,0.000000
353,354,4046o.fits,PG1633+099,I-Johnson+Vacio,2006-04-29,A,88369.0,6.33,785808.0,121004.0,88369.0,88369.0,0.112456,0.000000
355,356,4046o.fits,PG1633+099,I-Johnson+Vacio,2006-04-29,C,642727.0,6.29,785808.0,855971.0,642727.0,642727.0,0.817919,0.000000
356,357,4046o.fits,PG1633+099,I-Johnson+Vacio,2006-04-29,D,0.0,0.00,785808.0,96384.8,0.0,0.0,0.000000,0.000000
357,358,4046o.fits,PG1633+099,I-Johnson+Vacio,2006-04-29,2R,61127.0,6.70,785808.0,82699.5,61127.0,61127.0,0.077789,0.000000
358,359,2073o.fits,PG1633,B-Johnson+Vacio,2006-04-25,A,7882.0,3.97,210505.0,31160.9,7882.0,7882.0,0.037443,0.000000
360,361,2073o.fits,PG1633,B-Johnson+Vacio,2006-04-25,C,147433.0,7.37,210505.0,173791.0,147433.0,147433.0,0.700378,0.000000
361,362,2073o.fits,PG1633,B-Johnson+Vacio,2006-04-25,D,196212.0,7.66,210505.0,46516.1,196212.0,196212.0,0.932101,0.000000
362,363,2073o.fits,PG1633,B-Johnson+Vacio,2006-04-25,2R,130038.0,9.27,210505.0,175546.0,130038.0,130038.0,0.617743,0.000000
363,364,2074o.fits,PG1633,R-Johnson+Vacio,2006-04-25,A,71695.0,7.48,679069.0,86487.5,71695.0,71695.0,0.105578,0.000000
365,366,2074o.fits,PG1633,R-Johnson+Vacio,2006-04-25,C,3245.0,6.92,679069.0,548466.0,3245.0,3245.0,0.004779,0.000000
366,367,2074o.fits,PG1633,R-Johnson+Vacio,2006-04-25,D,300316.0,6.91,679069.0,139578.0,300316.0,300316.0,0.442247,0.000000
367,368,2074o.fits,PG1633,R-Johnson+Vacio,2006-04-25,2R,84849.0,7.90,679069.0,107566.0,84849.0,84849.0,0.124949,0.000000
368,369,2075o.fits,PG1633,I-Johnson+Vacio,2006-04-25,A,98940.0,6.95,899815.0,110671.0,98940.0,98940.0,0.109956,0.000000
370,371,2075o.fits,PG1633,I-Johnson+Vacio,2006-04-25,C,741643.0,5.92,899815.0,597461.0,741643.0,741643.0,0.824217,0.000000
371,372,2075o.fits,PG1633,I-Johnson+Vacio,2006-04-25,D,319597.0,5.72,899815.0,160475.0,319597.0,319597.0,0.355181,0.000000
372,373,2075o.fits,PG1633,I-Johnson+Vacio,2006-04-25,2R,60219.0,7.10,899815.0,73247.0,60219.0,60219.0,0.066924,0.000000
373,374,3074o.fits,PG1633,B-Johnson+Vacio,2006-04-26,A,33120.0,11.18,219757.0,31160.9,33120.0,33120.0,0.150712,0.000000
375,376,3074o.fits,PG1633,B-Johnson+Vacio,2006-04-26,C,173203.0,10.80,219757.0,173791.0,173203.0,173203.0,0.788157,0.000000
376,377,3074o.fits,PG1633,B-Johnson+Vacio,2006-04-26,D,175917.0,11.12,219757.0,46516.1,175917.0,175917.0,0.800507,0.000000
377,378,3074o.fits,PG1633,B-Johnson+Vacio,2006-04-26,2R,172923.0,11.23,219757.0,175546.0,172923.0,172923.0,0.786883,0.000000
378,379,3075o.fits,PG1633,R-Johnson+Vacio,2006-04-26,A,117039.0,10.12,836690.0,86487.5,117039.0,117039.0,0.139883,0.000000
379,380,3075o.fits,PG1633,R-Johnson+Vacio,2006-04-26,B,103000.0,9.87,836690.0,650167.0,103000.0,103000.0,0.123104,0.000000
381,382,3075o.fits,PG1633,R-Johnson+Vacio,2006-04-26,D,403258.0,9.66,836690.0,139578.0,403258.0,403258.0,0.481968,0.000000
382,383,3075o.fits,PG1633,R-Johnson+Vacio,2006-04-26,2R,144096.0,10.33,836690.0,107566.0,144096.0,144096.0,0.172221,0.000000
383,384,3076o.fits,PG1633,I-Johnson+Vacio,2006-04-26,A,151888.0,7.33,1337000.0,110671.0,151888.0,151888.0,0.113604,0.000000
385,386,3076o.fits,PG1633,I-Johnson+Vacio,2006-04-26,C,1115000.0,7.18,1337000.0,597461.0,1115000.0,1115000.0,0.833957,0.000000
386,387,3076o.fits,PG1633,I-Johnson+Vacio,2006-04-26,D,347767.0,5.87,1337000.0,160475.0,347767.0,347767.0,0.260110,0.000000
387,388,3076o.fits,PG1633,I-Johnson+Vacio,2006-04-26,2R,100981.0,7.49,1337000.0,73247.0,100981.0,100981.0,0.075528,0.000000
388,389,4058o.fits,PG1633,B-Johnson+Vacio,2006-04-29,A,33810.0,7.40,219656.0,31160.9,33810.0,31126.0,0.153922,0.086134
390,391,4058o.fits,PG1633,B-Johnson+Vacio,2006-04-29,C,167157.0,7.32,219656.0,173791.0,169116.0,167157.0,0.760994,0.011272
391,392,4058o.fits,PG1633,B-Johnson+Vacio,2006-04-29,D,0.0,0.00,219656.0,46516.1,0.0,0.0,0.000000,0.000000
392,393,4058o.fits,PG1633,B-Johnson+Vacio,2006-04-29,2R,176368.0,7.94,219656.0,175546.0,176368.0,170526.0,0.802928,0.033279
393,394,4059o.fits,PG1633,R-Johnson+Vacio,2006-04-29,A,77415.0,6.75,671847.0,86487.5,77415.0,77363.0,0.115227,0.000601
395,396,4059o.fits,PG1633,R-Johnson+Vacio,2006-04-29,C,538167.0,5.88,671847.0,548466.0,544230.0,538167.0,0.801026,0.011054
396,397,4059o.fits,PG1633,R-Johnson+Vacio,2006-04-29,D,0.0,0.00,671847.0,139578.0,0.0,0.0,0.000000,0.000000
397,398,4059o.fits,PG1633,R-Johnson+Vacio,2006-04-29,2R,99481.0,6.96,671847.0,107566.0,99481.0,96724.0,0.148071,0.025631
398,399,4060o.fits,PG1633,I-Johnson+Vacio,2006-04-29,A,105450.0,7.60,889033.0,110671.0,105450.0,103669.0,0.118612,0.016093
400,401,4060o.fits,PG1633,I-Johnson+Vacio,2006-04-29,C,732632.0,6.89,889033.0,597461.0,732632.0,7493.0,0.824077,1.213701
401,402,4060o.fits,PG1633,I-Johnson+Vacio,2006-04-29,D,0.0,0.00,889033.0,160475.0,0.0,0.0,0.000000,0.000000
402,403,4060o.fits,PG1633,I-Johnson+Vacio,2006-04-29,2R,69248.0,7.49,889033.0,73247.0,70224.0,69248.0,0.077891,0.013325
403,404,4077o.fits,PG1633,B-Johnson+Vacio,2006-04-29,A,31126.0,7.00,220361.0,31160.9,33810.0,31126.0,0.141250,0.086134
405,406,4077o.fits,PG1633,B-Johnson+Vacio,2006-04-29,C,169116.0,7.15,220361.0,173791.0,169116.0,167157.0,0.767450,0.011272
406,407,4077o.fits,PG1633,B-Johnson+Vacio,2006-04-29,D,0.0,0.00,220361.0,46516.1,0.0,0.0,0.000000,0.000000
407,408,4077o.fits,PG1633,B-Johnson+Vacio,2006-04-29,2R,170526.0,7.61,220361.0,175546.0,176368.0,170526.0,0.773848,0.033279
408,409,4078o.fits,PG1633,R-Johnson+Vacio,2006-04-29,A,77363.0,6.00,675727.0,86487.5,77415.0,77363.0,0.114489,0.000601
410,411,4078o.fits,PG1633,R-Johnson+Vacio,2006-04-29,C,544230.0,5.22,675727.0,548466.0,544230.0,538167.0,0.805399,0.011054
411,412,4078o.fits,PG1633,R-Johnson+Vacio,2006-04-29,D,0.0,0.00,675727.0,139578.0,0.0,0.0,0.000000,0.000000
412,413,4078o.fits,PG1633,R-Johnson+Vacio,2006-04-29,2R,96724.0,6.18,675727.0,107566.0,99481.0,96724.0,0.143141,0.025631
413,414,4079o.fits,PG1633,I-Johnson+Vacio,2006-04-29,A,103669.0,6.37,908493.0,110671.0,105450.0,103669.0,0.114111,0.016093
415,416,4079o.fits,PG1633,I-Johnson+Vacio,2006-04-29,C,7493.0,5.83,908493.0,597461.0,732632.0,7493.0,0.008248,1.213701
416,417,4079o.fits,PG1633,I-Johnson+Vacio,2006-04-29,D,0.0,0.00,908493.0,160475.0,0.0,0.0,0.000000,0.000000
417,418,4079o.fits,PG1633,I-Johnson+Vacio,2006-04-29,2R,70224.0,6.62,908493.0,73247.0,70224.0,69248.0,0.077297,0.013325
418,419,5038o.fits,PG1633,B-Johnson+Vacio,2006-04-30,A,28147.0,11.50,201478.0,31160.9,50250.0,15955.0,0.139703,1.100578
420,421,5038o.fits,PG1633,B-Johnson+Vacio,2006-04-30,C,149048.0,13.06,201478.0,173791.0,253489.0,77730.0,0.739773,1.011324
421,422,5038o.fits,PG1633,B-Johnson+Vacio,2006-04-30,D,0.0,0.00,201478.0,46516.1,0.0,0.0,0.000000,0.000000
422,423,5038o.fits,PG1633,B-Johnson+Vacio,2006-04-30,2R,152228.0,12.98,201478.0,175546.0,268166.0,78158.0,0.755556,1.082383
423,424,5039o.fits,PG1633,B-Johnson+Vacio,2006-04-30,A,15955.0,9.17,104224.0,31160.9,50250.0,15955.0,0.153084,1.100578
425,426,5039o.fits,PG1633,B-Johnson+Vacio,2006-04-30,C,77730.0,7.79,104224.0,173791.0,253489.0,77730.0,0.745798,1.011324
426,427,5039o.fits,PG1633,B-Johnson+Vacio,2006-04-30,D,0.0,0.00,104224.0,46516.1,0.0,0.0,0.000000,0.000000
427,428,5039o.fits,PG1633,B-Johnson+Vacio,2006-04-30,2R,78158.0,9.28,104224.0,175546.0,268166.0,78158.0,0.749904,1.082383
428,429,5040o.fits,PG1633,R-Johnson+Vacio,2006-04-30,A,40811.0,7.03,361074.0,86487.5,114724.0,40811.0,0.113027,0.854609
430,431,5040o.fits,PG1633,R-Johnson+Vacio,2006-04-30,C,283839.0,6.14,361074.0,548466.0,827083.0,283839.0,0.786096,0.990479
431,432,5040o.fits,PG1633,R-Johnson+Vacio,2006-04-30,D,0.0,0.00,361074.0,139578.0,413050.0,0.0,0.000000,2.959277
432,433,5040o.fits,PG1633,R-Johnson+Vacio,2006-04-30,2R,51498.0,7.14,361074.0,107566.0,143313.0,51498.0,0.142625,0.853569
433,434,5041o.fits,PG1633,I-Johnson+Vacio,2006-04-30,A,57395.0,6.74,500089.0,110671.0,153321.0,57395.0,0.114770,0.866767
435,436,5041o.fits,PG1633,I-Johnson+Vacio,2006-04-30,C,407607.0,5.97,500089.0,597461.0,1107000.0,70851.0,0.815069,1.734254
436,437,5041o.fits,PG1633,I-Johnson+Vacio,2006-04-30,D,0.0,0.00,500089.0,160475.0,455963.0,0.0,0.000000,2.841334
437,438,5041o.fits,PG1633,I-Johnson+Vacio,2006-04-30,2R,39013.0,6.96,500089.0,73247.0,102540.0,39013.0,0.078012,0.867298
438,439,5055o.fits,PG1633,B-Johnson+Vacio,2006-04-30,A,50250.0,9.17,332303.0,31160.9,50250.0,15955.0,0.151217,1.100578
440,441,5055o.fits,PG1633,B-Johnson+Vacio,2006-04-30,C,253489.0,7.84,332303.0,173791.0,253489.0,77730.0,0.762825,1.011324
441,442,5055o.fits,PG1633,B-Johnson+Vacio,2006-04-30,D,0.0,0.00,332303.0,46516.1,0.0,0.0,0.000000,0.000000
442,443,5055o.fits,PG1633,B-Johnson+Vacio,2006-04-30,2R,268166.0,9.26,332303.0,175546.0,268166.0,78158.0,0.806992,1.082383
443,444,5056o.fits,PG1633,R-Johnson+Vacio,2006-04-30,A,78757.0,7.98,687621.0,86487.5,114724.0,40811.0,0.114535,0.854609
445,446,5056o.fits,PG1633,R-Johnson+Vacio,2006-04-30,C,543985.0,7.08,687621.0,548466.0,827083.0,283839.0,0.791112,0.990479
446,447,5056o.fits,PG1633,R-Johnson+Vacio,2006-04-30,D,0.0,0.00,687621.0,139578.0,413050.0,0.0,0.000000,2.959277
447,448,5056o.fits,PG1633,R-Johnson+Vacio,2006-04-30,2R,98648.0,9.11,687621.0,107566.0,143313.0,51498.0,0.143463,0.853569
448,449,5057o.fits,PG1633,I-Johnson+Vacio,2006-04-30,A,104033.0,6.71,899409.0,110671.0,153321.0,57395.0,0.115668,0.866767
450,451,5057o.fits,PG1633,I-Johnson+Vacio,2006-04-30,C,70851.0,5.61,899409.0,597461.0,1107000.0,70851.0,0.078775,1.734254
451,452,5057o.fits,PG1633,I-Johnson+Vacio,2006-04-30,D,0.0,0.00,899409.0,160475.0,455963.0,0.0,0.000000,2.841334
452,453,5057o.fits,PG1633,I-Johnson+Vacio,2006-04-30,2R,70504.0,6.66,899409.0,73247.0,102540.0,39013.0,0.078389,0.867298
453,454,5078o.fits,PG1633,B-Johnson+Vacio,2006-04-30,A,48997.0,9.29,336226.0,31160.9,50250.0,15955.0,0.145726,1.100578
455,456,5078o.fits,PG1633,B-Johnson+Vacio,2006-04-30,C,253155.0,7.63,336226.0,173791.0,253489.0,77730.0,0.752931,1.011324
456,457,5078o.fits,PG1633,B-Johnson+Vacio,2006-04-30,D,0.0,0.00,336226.0,46516.1,0.0,0.0,0.000000,0.000000
457,458,5078o.fits,PG1633,B-Johnson+Vacio,2006-04-30,2R,255958.0,9.52,336226.0,175546.0,268166.0,78158.0,0.761268,1.082383
458,459,5079o.fits,PG1633,R-Johnson+Vacio,2006-04-30,A,114096.0,6.54,1004000.0,86487.5,114724.0,40811.0,0.113641,0.854609
460,461,5079o.fits,PG1633,R-Johnson+Vacio,2006-04-30,C,810485.0,5.78,1004000.0,548466.0,827083.0,283839.0,0.807256,0.990479
461,462,5079o.fits,PG1633,R-Johnson+Vacio,2006-04-30,D,0.0,0.00,1004000.0,139578.0,413050.0,0.0,0.000000,2.959277
462,463,5079o.fits,PG1633,R-Johnson+Vacio,2006-04-30,2R,141920.0,6.46,1004000.0,107566.0,143313.0,51498.0,0.141355,0.853569
463,464,5080o.fits,PG1633,R-Johnson+Vacio,2006-04-30,A,114724.0,7.09,1019000.0,86487.5,114724.0,40811.0,0.112585,0.854609
465,466,5080o.fits,PG1633,R-Johnson+Vacio,2006-04-30,C,827083.0,6.86,1019000.0,548466.0,827083.0,283839.0,0.811661,0.990479
466,467,5080o.fits,PG1633,R-Johnson+Vacio,2006-04-30,D,413050.0,6.87,1019000.0,139578.0,413050.0,0.0,0.405348,2.959277
467,468,5080o.fits,PG1633,R-Johnson+Vacio,2006-04-30,2R,143313.0,7.27,1019000.0,107566.0,143313.0,51498.0,0.140641,0.853569
468,469,5081o.fits,PG1633,I-Johnson+Vacio,2006-04-30,A,153321.0,6.46,1333000.0,110671.0,153321.0,57395.0,0.115020,0.866767
470,471,5081o.fits,PG1633,I-Johnson+Vacio,2006-04-30,C,1107000.0,5.65,1333000.0,597461.0,1107000.0,70851.0,0.830458,1.734254
471,472,5081o.fits,PG1633,I-Johnson+Vacio,2006-04-30,D,455963.0,5.76,1333000.0,160475.0,455963.0,0.0,0.342058,2.841334
472,473,5081o.fits,PG1633,I-Johnson+Vacio,2006-04-30,2R,102540.0,6.94,1333000.0,73247.0,102540.0,39013.0,0.076924,0.867298
